mahdiar,4,09,male
ACx,ACy,ACz,encoder1,encoder2,time
-19,6,242,0,0,0.1
-19,5,242,0,0,0.2
-20,5,241,0,0,0.3
-20,5,242,0,0,0.4
-20,5,240,0,0,0.5
-19,5,242,0,0,0.6
-21,7,241,0,0,0.7
-20,6,242,0,0,0.8
-20,5,242,0,0,0.9
-20,5,240,0,0,1.0
-20,5,240,0,0,1.1
-6,30,240,0,0,1.2
-14,46,240,0,0,1.3
-24,2,247,0,0,1.4
-19,-26,229,0,0,1.5
-27,-21,229,0,0,1.6
-20,-11,240,0,1,1.7
-20,27,242,0,1,1.8
-17,32,246,0,1,1.9
-19,42,262,1,1,2.0
-15,42,235,1,1,2.1
-85,161,467,1,1,2.2
-58,-59,229,1,1,2.3
-36,-11,236,1,1,2.4
-26,25,251,1,2,2.5
-30,11,256,2,2,2.6
-23,-6,225,2,2,2.7
-31,-30,247,2,2,2.8
-21,1,233,2,2,2.9
-23,21,225,2,2,3.0
-56,9,254,2,2,3.1
-8,17,268,2,3,3.2
-23,3,235,2,3,3.3
-19,-59,240,2,3,3.4
-23,-31,233,2,3,3.5
-23,17,239,2,3,3.6
-25,60,255,2,3,3.7
-19,17,225,2,3,3.8
-9,8,229,2,3,3.9
-22,24,238,2,3,4.0
-6,7,243,2,4,4.1
-23,25,239,2,4,4.2
-13,-8,242,2,4,4.3
-24,-38,242,2,4,4.4
-18,4,236,2,4,4.5
-18,44,244,2,4,4.6
-14,73,238,2,4,4.7
27,-74,179,2,5,4.8
-24,-4,248,2,5,4.9
-21,65,256,2,5,5.0
-24,-9,242,2,5,5.1
-28,19,244,2,5,5.2
-30,4,236,2,6,5.3
-25,-88,259,2,6,5.4
-32,6,244,2,6,5.5
-25,-9,242,2,6,5.6
-24,72,243,2,6,5.7
-11,41,239,2,6,5.8
-45,-65,212,2,8,5.9
-25,134,244,3,8,6.0
-36,4,234,3,8,6.1
-27,-36,263,3,8,6.2
-25,-78,228,3,9,6.3
-26,61,240,3,9,6.4
-16,55,234,3,9,6.5
-14,-27,256,3,9,6.6
-28,-20,256,3,9,6.7
-13,6,233,3,10,6.8
-17,9,234,3,10,6.9
-55,-15,230,3,10,7.0
-24,-27,211,3,11,7.1
-20,-1,242,3,11,7.2
-23,12,238,3,11,7.3
-29,35,240,3,11,7.4
-143,245,281,3,11,7.5
7,-98,281,3,11,7.6
-24,7,239,3,11,7.7
-19,10,223,3,11,7.8
-22,7,241,3,11,7.9
-23,6,242,3,11,8.0
-22,5,241,3,11,8.1
-24,6,242,3,11,8.2
-24,5,241,3,11,8.3
-23,6,242,3,11,8.4
-24,6,241,3,11,8.5
-23,6,241,3,11,8.6
-23,6,242,3,11,8.7
-24,7,241,3,11,8.8
-23,5,241,3,11,8.9
-23,6,241,3,11,9.0
-23,6,241,3,11,9.1
-23,7,241,3,11,9.2
-24,7,241,3,11,9.3
-24,7,241,3,11,9.4
-24,6,242,3,11,9.5
-22,6,241,3,11,9.6
-22,5,241,3,11,9.7
-23,7,241,3,11,9.8
-23,6,240,3,11,9.9
-24,7,241,3,11,10.0
-23,7,240,3,11,10.1
-22,6,242,3,11,10.2
-23,7,241,3,11,10.3
-23,6,241,3,11,10.4
-24,6,241,3,11,10.5
-23,6,241,3,11,10.6
-22,5,241,3,11,10.7
-23,6,241,3,11,10.8
-23,6,240,3,11,10.9
-22,6,242,3,11,11.0
-23,6,242,3,11,11.1
-23,6,241,3,11,11.2
-24,7,242,3,11,11.3
-23,6,241,3,11,11.4
-24,6,241,3,11,11.5
14,1,230,3,11,11.6
-36,-33,224,3,11,11.7
-9,-31,235,3,11,11.8
-24,-63,258,3,11,11.9
-23,-51,245,3,11,12.0
-23,-33,255,3,12,12.1
-33,21,258,3,12,12.2
-19,99,226,4,13,12.3
-69,-24,224,4,13,12.4
-19,-41,224,4,13,12.5
-59,135,259,5,14,12.6
-44,-92,237,5,14,12.7
-15,13,235,5,14,12.8
2,-19,226,7,14,12.9
-12,40,236,7,14,13.0
-11,88,240,7,15,13.1
-20,-157,259,7,15,13.2
-14,2,255,7,15,13.3
26,102,250,8,15,13.4
8,43,250,8,16,13.5
-18,12,226,8,16,13.6
-26,18,255,9,17,13.7
-7,65,256,9,17,13.8
-18,9,216,9,17,13.9
-28,-25,233,9,17,14.0
-33,-12,260,9,18,14.1
-20,-73,230,9,18,14.2
-6,114,252,9,18,14.3
0,-27,246,9,18,14.4
-13,-9,246,9,19,14.5
-41,0,266,9,19,14.6
1,73,224,9,19,14.7
-22,-58,263,10,20,14.8
-22,54,220,10,20,14.9
-28,-43,245,10,20,15.0
-18,-25,236,11,20,15.1
-24,31,242,11,21,15.2
-28,-15,238,11,21,15.3
-35,-1,207,11,21,15.4
-13,13,256,11,21,15.5
-17,7,259,12,22,15.6
14,4,246,12,22,15.7
-19,86,237,12,22,15.8
-28,-35,259,12,22,15.9
-108,-512,157,12,23,16.0
-5,21,259,12,23,16.1
-33,59,236,12,23,16.2
-4,1,247,13,24,16.3
-26,69,247,13,24,16.4
-25,33,235,13,24,16.5
-18,18,235,13,24,16.6
-27,9,246,13,24,16.7
-14,13,233,13,24,16.8
-16,9,238,13,24,16.9
-20,3,243,13,24,17.0
-16,11,239,13,24,17.1
-18,-32,250,13,24,17.2
-7,-2,249,13,24,17.3
-29,27,244,13,24,17.4
-6,21,257,13,24,17.5
-29,-28,240,13,24,17.6
-38,-27,236,13,25,17.7
-18,17,242,14,25,17.8
-21,50,235,14,25,17.9
-34,19,238,14,25,18.0
-17,-23,242,14,25,18.1
-30,9,247,14,25,18.2
-19,-23,228,14,25,18.3
-17,44,232,14,25,18.4
-16,7,242,14,25,18.5
-12,26,243,14,25,18.6
-11,8,236,14,25,18.7
-19,9,237,14,25,18.8
-11,15,243,14,25,18.9
-16,-2,243,14,25,19.0
-18,6,242,14,25,19.1
-21,4,241,14,25,19.2
-20,5,241,14,25,19.3
-19,5,242,14,25,19.4
-19,4,243,14,25,19.5
-19,6,242,14,25,19.6
-19,4,242,14,25,19.7
-20,5,241,14,25,19.8
-20,4,241,14,25,19.9
-19,5,240,14,25,20.0
-19,5,241,14,25,20.1
-19,4,241,14,25,20.2
-20,5,241,14,25,20.3
-20,5,241,14,25,20.4
-19,4,240,14,25,20.5
-19,4,241,14,25,20.6
-20,5,242,14,25,20.7
-20,4,242,14,25,20.8
-20,4,241,14,25,20.9
-20,5,243,14,25,21.0
-19,5,242,14,25,21.1
-19,5,242,14,25,21.2
-20,4,241,14,25,21.3
-20,5,242,14,25,21.4
-19,3,242,14,25,21.5
-20,5,242,14,25,21.6
-20,4,240,14,25,21.7
-19,4,240,14,25,21.8
-20,5,241,14,25,21.9
-20,5,242,14,25,22.0
-19,5,240,14,25,22.1
-19,4,242,14,25,22.2
-19,4,241,14,25,22.3
-20,5,242,14,25,22.4
-19,5,242,14,25,22.5
-20,5,241,14,25,22.6
-19,4,241,14,25,22.7
-19,5,240,14,25,22.8
-20,5,241,14,25,22.9
-20,5,241,14,25,23.0
-19,4,241,14,25,23.1
-20,5,241,14,25,23.2
-19,5,242,14,25,23.3
-19,4,240,14,25,23.4
-19,4,241,14,25,23.5
-19,4,241,14,25,23.6
-20,4,241,14,25,23.7
-20,5,242,14,25,23.8
-19,4,241,14,25,23.9
-19,4,242,14,25,24.0
-20,5,240,14,25,24.1
-20,4,242,14,25,24.2
-20,6,241,14,25,24.3
-19,5,241,14,25,24.4
-20,4,242,14,25,24.5
-20,4,242,14,25,24.6
-20,4,241,14,25,24.7
-19,3,242,14,25,24.8
-20,4,241,14,25,24.9
-20,5,241,14,25,25.0
-20,4,241,14,25,25.1
-20,5,241,14,25,25.2
-19,5,241,14,25,25.3
-19,4,242,14,25,25.4
-20,4,241,14,25,25.5
-20,5,241,14,25,25.6
-18,4,240,14,25,25.7
-19,4,242,14,25,25.8
-19,4,241,14,25,25.9
-19,4,241,14,25,26.0
-19,4,241,14,25,26.1
-19,5,241,14,25,26.2
-19,5,241,14,25,26.3
-20,5,240,14,25,26.4
-19,5,242,14,25,26.5
-20,4,241,14,25,26.6
-20,5,242,14,25,26.7
-20,5,240,14,25,26.8
-19,5,241,14,25,26.9
-19,4,242,14,25,27.0
-20,5,241,14,25,27.1
-19,5,241,14,25,27.2
-19,4,241,14,25,27.3
-18,5,243,14,25,27.4
-19,4,241,14,25,27.5
-21,3,240,14,25,27.6
-18,1,246,14,25,27.7
-19,33,240,14,25,27.8
-17,34,234,14,25,27.9
-20,34,246,14,25,28.0
-14,24,241,14,25,28.1
-37,30,227,14,25,28.2
-20,-8,227,15,26,28.3
-9,-1,247,15,26,28.4
2,-10,230,15,26,28.5
-45,-10,220,15,26,28.6
10,-13,246,15,26,28.7
-19,-30,237,16,26,28.8
-24,2,242,16,27,28.9
-18,9,249,16,27,29.0
-8,22,243,16,27,29.1
-41,18,235,16,27,29.2
-33,61,230,16,27,29.3
-8,64,238,16,27,29.4
-22,-51,248,16,27,29.5
-44,-22,255,17,28,29.6
22,-70,-11,17,28,29.7
-23,-38,235,17,28,29.8
-33,-7,241,17,28,29.9
-12,10,248,17,28,30.0
-21,-1,241,17,28,30.1
-6,30,232,17,28,30.2
-12,-1,235,18,29,30.3
-24,19,231,18,29,30.4
-38,-68,245,18,29,30.5
-26,21,241,18,29,30.6
-12,66,244,18,29,30.7
-5,30,239,18,29,30.8
-22,-28,233,19,30,30.9
-27,-95,224,19,30,31.0
-23,-12,242,19,30,31.1
-23,28,215,19,30,31.2
-19,31,236,19,30,31.3
-41,-21,232,19,30,31.4
-27,-25,249,19,30,31.5
-20,62,244,19,30,31.6
-18,10,231,19,31,31.7
-10,-28,210,20,31,31.8
0,74,246,20,31,31.9
-34,45,224,20,31,32.0
-42,43,201,20,31,32.1
-41,-73,223,21,32,32.2
-36,-123,242,21,32,32.3
-33,29,238,21,32,32.4
-17,-2,237,21,32,32.5
-21,38,252,21,32,32.6
8,-49,227,21,32,32.7
-14,16,235,22,33,32.8
-3,42,274,22,33,32.9
-8,15,223,22,33,33.0
-32,20,237,22,33,33.1
-35,-55,216,23,34,33.2
-16,-92,241,23,34,33.3
-20,43,251,23,34,33.4
-16,56,242,23,34,33.5
-13,43,252,23,34,33.6
3,-56,221,23,35,33.7
4,46,251,24,35,33.8
-24,0,243,24,35,33.9
-15,-15,257,24,35,34.0
-34,1,236,24,36,34.1
-23,-53,208,24,36,34.2
-38,33,256,24,36,34.3
-12,17,241,24,36,34.4
-19,-100,219,24,37,34.5
-27,79,239,24,37,34.6
-19,43,230,24,37,34.7
-22,5,235,24,37,34.8
-17,-5,236,24,37,34.9
-23,0,234,24,37,35.0
-2,-44,230,24,38,35.1
-22,39,238,24,38,35.2
-27,69,251,24,38,35.3
-14,1,265,24,38,35.4
-17,-32,238,24,38,35.5
-13,-6,257,24,39,35.6
-28,5,234,25,39,35.7
-14,-59,221,25,39,35.8
-48,88,216,25,39,35.9
-24,11,237,25,39,36.0
-20,-1,241,25,39,36.1
-13,7,246,25,39,36.2
-20,16,241,25,39,36.3
-22,7,242,25,39,36.4
-22,4,241,25,39,36.5
-21,4,241,25,39,36.6
-21,5,241,25,39,36.7
-21,7,242,25,39,36.8
-22,7,241,25,39,36.9
-22,5,241,25,39,37.0
-22,6,242,25,39,37.1
-21,7,241,25,39,37.2
-22,6,242,25,39,37.3
-22,6,242,25,39,37.4
-22,7,242,25,39,37.5
-22,7,241,25,39,37.6
-22,5,241,25,39,37.7
-21,6,240,25,39,37.8
-22,5,241,25,39,37.9
-21,6,241,25,39,38.0
-22,7,241,25,39,38.1
-22,6,241,25,39,38.2
-21,5,241,25,39,38.3
-22,6,241,25,39,38.4
-21,6,241,25,39,38.5
-22,7,241,25,39,38.6
-22,7,240,25,39,38.7
-22,6,241,25,39,38.8
-22,6,241,25,39,38.9
-22,5,240,25,39,39.0
-21,6,241,25,39,39.1
-21,5,241,25,39,39.2
-22,6,240,25,39,39.3
-18,2,237,25,39,39.4
-23,15,247,25,39,39.5
-22,3,243,25,39,39.6
-21,7,242,25,39,39.7
-21,7,241,25,39,39.8
-23,6,241,25,39,39.9
-27,11,242,25,39,40.0
-24,8,252,25,39,40.1
-27,4,237,25,39,40.2
-19,6,242,25,39,40.3
14,-6,246,25,39,40.4
-31,-8,229,25,39,40.5
-30,-16,254,25,39,40.6
-27,-15,256,26,39,40.7
-23,-16,236,26,39,40.8
-26,5,227,26,40,40.9
-24,-14,223,26,40,41.0
-10,10,205,27,40,41.1
-9,27,229,27,41,41.2
-20,20,227,27,41,41.3
-22,28,245,27,41,41.4
-18,5,257,27,41,41.5
-17,-45,229,28,41,41.6
-10,-5,237,28,42,41.7
-42,11,271,28,42,41.8
-13,20,225,28,42,41.9
-33,7,235,28,42,42.0
4,-6,241,29,42,42.1
-14,42,250,29,43,42.2
-25,-11,250,29,43,42.3
-7,20,236,29,43,42.4
-24,21,228,29,43,42.5
-26,-43,248,29,43,42.6
-18,-28,250,30,43,42.7
-25,-16,236,30,44,42.8
-9,-12,273,30,44,42.9
-20,34,309,31,44,43.0
-13,28,283,31,45,43.1
-19,32,249,31,45,43.2
-21,22,276,31,45,43.3
-11,25,291,32,45,43.4
-9,22,259,32,46,43.5
-11,16,249,32,46,43.6
-26,19,221,32,46,43.7
-20,20,228,32,46,43.8
-14,-26,233,33,46,43.9
-17,5,244,33,47,44.0
-12,5,239,33,47,44.1
-33,0,248,33,47,44.2
-21,6,223,33,47,44.3
-10,-26,237,33,47,44.4
-23,57,286,34,48,44.5
-69,25,-238,34,48,44.6
68,-79,501,34,48,44.7
-46,30,242,35,48,44.8
-14,14,199,35,49,44.9
-13,49,231,35,49,45.0
-26,39,246,35,49,45.1
-31,-21,266,36,49,45.2
-52,-31,220,36,50,45.3
-10,-7,218,36,50,45.4
-31,61,252,36,50,45.5
-2,14,223,36,50,45.6
-8,1,244,37,50,45.7
-8,7,246,37,51,45.8
-30,3,259,37,51,45.9
-17,52,215,37,51,46.0
67,-16,206,38,51,46.1
-9,17,258,38,52,46.2
-19,28,237,38,52,46.3
-8,7,233,38,52,46.4
-13,35,239,38,52,46.5
-16,-9,238,38,52,46.6
-28,-21,248,38,52,46.7
-14,37,237,38,52,46.8
-30,8,246,38,52,46.9
-24,9,245,38,52,47.0
-18,5,241,38,52,47.1
-17,4,242,38,52,47.2
-18,5,241,38,52,47.3
-18,5,241,38,52,47.4
-18,6,240,38,52,47.5
-18,6,241,38,52,47.6
-18,6,242,38,52,47.7
-17,6,240,38,52,47.8
-18,5,242,38,52,47.9
-19,7,241,38,52,48.0
-18,5,241,38,52,48.1
-18,6,241,38,52,48.2
-19,7,242,38,52,48.3
-18,5,241,38,52,48.4
-17,6,242,38,52,48.5
-18,6,241,38,52,48.6
-18,6,242,38,52,48.7
-18,6,242,38,52,48.8
-19,7,241,38,52,48.9
-18,6,241,38,52,49.0
-18,6,241,38,52,49.1
-18,6,240,38,52,49.2
-18,5,242,38,52,49.3
-18,6,241,38,52,49.4
-19,7,241,38,52,49.5
-19,7,241,38,52,49.6
-18,6,241,38,52,49.7
-19,6,242,38,52,49.8
-18,6,241,38,52,49.9
-18,6,240,38,52,50.0
-18,6,241,38,52,50.1
-17,7,242,38,52,50.2
-18,6,241,38,52,50.3
-20,6,241,38,52,50.4
-18,5,241,38,52,50.5
-18,5,240,38,52,50.6
-18,6,242,38,52,50.7
-19,7,241,38,52,50.8
-18,6,242,38,52,50.9
-18,6,242,38,52,51.0
-18,6,241,38,52,51.1
-18,7,241,38,52,51.2
-17,7,242,38,52,51.3
-17,6,241,38,52,51.4
-19,6,241,38,52,51.5
-18,6,242,38,52,51.6
-18,6,242,38,52,51.7
-19,5,241,38,52,51.8
-18,6,242,38,52,51.9
-18,6,242,38,52,52.0
-19,5,242,38,52,52.1
-18,5,241,38,52,52.2
-17,6,240,38,52,52.3
-19,7,241,38,52,52.4
-18,7,242,38,52,52.5
-18,6,241,38,52,52.6
-18,7,240,38,52,52.7
-19,6,241,38,52,52.8
-18,5,240,38,52,52.9
-19,4,242,38,52,53.0
-18,7,241,38,52,53.1
-18,7,241,38,52,53.2
-18,7,242,38,52,53.3
-19,6,240,38,52,53.4
-26,2,251,38,52,53.5
-19,11,241,38,52,53.6
-27,21,245,38,52,53.7
-12,41,231,38,52,53.8
-12,41,240,38,52,53.9
-16,37,242,38,52,54.0
-11,29,241,38,52,54.1
-21,17,231,38,53,54.2
-28,-22,253,39,53,54.3
-16,20,218,39,53,54.4
-15,13,243,39,53,54.5
-13,13,225,39,54,54.6
-17,38,239,40,54,54.7
-38,-6,233,40,54,54.8
-20,-2,239,40,54,54.9
-2,6,285,40,54,55.0
-20,10,240,40,55,55.1
-21,35,228,40,55,55.2
-33,14,241,40,55,55.3
-54,-42,259,40,55,55.4
-31,-40,242,40,55,55.5
-21,17,242,40,55,55.6
-22,27,255,40,56,55.7
-14,98,262,40,56,55.8
-2,41,199,41,56,55.9
17,-10,260,41,56,56.0
-34,-16,281,42,58,56.1
3,0,190,42,58,56.2
14,-32,265,42,58,56.3
-34,-6,242,42,59,56.4
-11,51,250,43,59,56.5
-2,-10,243,43,59,56.6
-23,-17,241,43,59,56.7
-19,1,260,43,60,56.8
-32,-22,253,44,60,56.9
-21,-8,249,44,60,57.0
-56,9,249,44,60,57.1
-11,-23,248,44,60,57.2
-19,-3,245,44,60,57.3
-13,-10,220,44,60,57.4
-18,45,239,44,60,57.5
0,18,235,44,61,57.6
-15,56,261,44,61,57.7
-30,32,241,48,61,57.8
-28,-1,227,48,61,57.9
-9,-18,233,48,62,58.0
-46,30,247,48,62,58.1
-31,13,251,49,62,58.2
-31,-22,204,49,62,58.3
-13,-62,252,49,63,58.4
-30,-10,214,49,63,58.5
-2,26,243,50,63,58.6
-24,18,224,50,63,58.7
-21,8,242,50,63,58.8
-25,13,244,50,63,58.9
-19,-4,255,50,64,59.0
-42,0,254,50,64,59.1
-26,10,248,50,64,59.2
-32,30,218,51,64,59.3
-8,28,219,51,64,59.4
-15,21,244,51,64,59.5
-24,-46,237,51,65,59.6
-23,42,270,51,65,59.7
-29,-12,245,52,65,59.8
-16,-20,238,52,65,59.9
-32,48,252,52,65,60.0
-38,-39,233,52,66,60.1
-6,-41,239,52,66,60.2
-30,-19,234,52,66,60.3
-23,-34,238,53,66,60.4
-32,41,240,53,66,60.5
-28,26,245,53,66,60.6
-16,139,237,53,66,60.7
-31,40,252,53,66,60.8
-30,31,238,53,66,60.9
-21,7,234,53,66,61.0
-31,7,240,53,66,61.1
-21,6,241,53,66,61.2
-21,5,241,53,66,61.3
-21,5,241,53,66,61.4
-22,6,240,53,66,61.5
-22,6,241,53,66,61.6
-22,7,241,53,66,61.7
-22,5,241,53,66,61.8
-22,6,241,53,66,61.9
-21,6,242,53,66,62.0
-22,7,240,53,66,62.1
-22,6,241,53,66,62.2
-22,6,241,53,66,62.3
-23,7,242,53,66,62.4
-22,8,240,53,66,62.5
-20,6,242,53,66,62.6
-22,6,241,53,66,62.7
-23,6,241,53,66,62.8
-22,6,243,53,66,62.9
-23,5,241,53,66,63.0
-22,6,241,53,66,63.1
-22,6,241,53,66,63.2
-22,6,240,53,66,63.3
-22,6,242,53,66,63.4
-22,5,240,53,66,63.5
-21,6,241,53,66,63.6
-22,6,241,53,66,63.7
-22,7,241,53,66,63.8
-22,6,242,53,66,63.9
-22,6,241,53,66,64.0
-21,6,240,53,66,64.1
-22,6,240,53,66,64.2
-22,5,242,53,66,64.3
-22,5,241,53,66,64.4
-22,5,241,53,66,64.5
-21,6,242,53,66,64.6
-21,5,241,53,66,64.7
-22,5,242,53,66,64.8
-22,6,241,53,66,64.9
-22,6,241,53,66,65.0
-22,6,241,53,66,65.1
-22,6,241,53,66,65.2
-23,6,240,53,66,65.3
-21,5,241,53,66,65.4
-22,6,242,53,66,65.5
-21,7,240,53,66,65.6
-23,6,241,53,66,65.7
-22,6,241,53,66,65.8
-22,6,240,53,66,65.9
-22,6,243,53,66,66.0
-22,6,242,53,66,66.1
-22,6,241,53,66,66.2
-22,6,241,53,66,66.3
-22,6,242,53,66,66.4
-21,7,241,53,66,66.5
-22,6,242,53,66,66.6
-22,6,241,53,66,66.7
-23,7,241,53,66,66.8
-23,6,241,53,66,66.9
-21,6,242,53,66,67.0
-22,6,242,53,66,67.1
-22,7,240,53,66,67.2
-22,6,242,53,66,67.3
-21,5,241,53,66,67.4
-23,6,241,53,66,67.5
-22,6,240,53,66,67.6
-21,5,241,53,66,67.7
-22,6,241,53,66,67.8
-22,6,241,53,66,67.9
-22,5,243,53,66,68.0
-22,6,241,53,66,68.1
-22,6,242,53,66,68.2
-21,6,242,53,66,68.3
-21,6,241,53,66,68.4
-21,6,241,53,66,68.5
-22,5,241,53,66,68.6
-21,6,242,53,66,68.7
-22,6,241,53,66,68.8
-21,7,241,53,66,68.9
-22,6,240,53,66,69.0
-21,6,240,53,66,69.1
-22,6,241,53,66,69.2
-22,5,241,53,66,69.3
-22,6,241,53,66,69.4
-21,5,241,53,66,69.5
-22,7,241,53,66,69.6
-22,7,241,53,66,69.7
-23,6,241,53,66,69.8
-21,6,242,53,66,69.9
-23,6,242,53,66,70.0
-22,6,242,53,66,70.1
-22,6,241,53,66,70.2
-22,6,241,53,66,70.3
-22,6,241,53,66,70.4
-22,6,241,53,66,70.5
-22,6,241,53,66,70.6
-21,5,242,53,66,70.7
-22,5,241,53,66,70.8
-22,6,241,53,66,70.9
-22,7,241,53,66,71.0
-21,6,241,53,66,71.1
-22,5,241,53,66,71.2
-22,6,241,53,66,71.3
-22,6,242,53,66,71.4
-22,6,241,53,66,71.5
-22,5,241,53,66,71.6
-22,6,241,53,66,71.7
-22,6,241,53,66,71.8
-21,5,242,53,66,71.9
-22,7,241,53,66,72.0
-22,6,241,53,66,72.1
-22,6,242,53,66,72.2
-22,5,241,53,66,72.3
-23,7,241,53,66,72.4
-22,6,241,53,66,72.5
-22,6,241,53,66,72.6
-22,5,241,53,66,72.7
-24,7,240,53,66,72.8
-21,6,242,53,66,72.9
-22,6,242,53,66,73.0
-22,6,242,53,66,73.1
-22,6,243,53,66,73.2
-21,6,241,53,66,73.3
-21,6,241,53,66,73.4
-22,6,240,53,66,73.5
-22,6,241,53,66,73.6
-23,6,241,53,66,73.7
-22,6,240,53,66,73.8
-22,6,241,53,66,73.9
-22,6,240,53,66,74.0
-22,5,241,53,66,74.1
-22,6,242,53,66,74.2
-22,6,241,53,66,74.3
-22,5,241,53,66,74.4
-22,6,241,53,66,74.5
-22,6,241,53,66,74.6
-20,6,241,53,66,74.7
-21,6,242,53,66,74.8
-22,6,240,53,66,74.9
-22,6,241,53,66,75.0
-22,5,240,53,66,75.1
-21,6,241,53,66,75.2
-22,6,241,53,66,75.3
-21,7,241,53,66,75.4
-23,6,242,53,66,75.5
-22,5,240,53,66,75.6
-23,6,242,53,66,75.7
-21,5,242,53,66,75.8
-21,5,241,53,66,75.9
-21,6,241,53,66,76.0
-22,6,240,53,66,76.1
-22,6,242,53,66,76.2
-21,4,242,53,66,76.3
-22,6,242,53,66,76.4
-23,6,241,53,66,76.5
-23,6,242,53,66,76.6
-22,6,241,53,66,76.7
-22,6,241,53,66,76.8
-23,7,242,53,66,76.9
-22,5,240,53,66,77.0
-21,5,241,53,66,77.1
-22,6,241,53,66,77.2
-22,5,240,53,66,77.3
-22,6,242,53,66,77.4
-22,6,240,53,66,77.5
-21,6,240,53,66,77.6
-22,6,242,53,66,77.7
-22,6,242,53,66,77.8
-23,5,242,53,66,77.9
-22,6,242,53,66,78.0
-21,6,241,53,66,78.1
-22,7,241,53,66,78.2
-22,5,241,53,66,78.3
-23,6,241,53,66,78.4
-22,5,241,53,66,78.5
-21,6,240,53,66,78.6
-23,6,241,53,66,78.7
-22,7,241,53,66,78.8
-22,6,241,53,66,78.9
-21,5,241,53,66,79.0
-22,5,241,53,66,79.1
-22,6,242,53,66,79.2
-22,6,241,53,66,79.3
-22,6,241,53,66,79.4
-22,6,241,53,66,79.5
-22,6,242,53,66,79.6
-22,6,242,53,66,79.7
-22,6,241,53,66,79.8
-22,5,242,53,66,79.9
-22,5,240,53,66,80.0
-22,7,241,53,66,80.1
-22,6,241,53,66,80.2
-23,6,242,53,66,80.3
-21,6,241,53,66,80.4
-22,6,239,53,66,80.5
-22,6,241,53,66,80.6
-21,5,241,53,66,80.7
-24,2,241,53,66,80.8
-23,-11,239,53,66,80.9
-27,-38,224,53,66,81.0
-43,34,260,53,66,81.1
-30,-24,224,53,66,81.2
-14,18,225,53,66,81.3
-98,8,169,53,66,81.4
-134,32,192,53,66,81.5
-20,39,274,53,66,81.6
-31,-7,212,53,67,81.7
-20,-1,243,53,67,81.8
2,-6,251,53,67,81.9
-24,19,233,53,67,82.0
-22,12,248,53,67,82.1
-29,11,237,53,67,82.2
-21,8,240,53,67,82.3
-22,0,241,53,67,82.4
-19,11,257,53,67,82.5
-13,5,246,53,67,82.6
-22,14,244,53,67,82.7
-42,6,239,53,67,82.8
-37,9,247,53,67,82.9
-8,-2,232,53,67,83.0
18,1,241,53,67,83.1
-21,-3,242,53,67,83.2
-28,-18,247,53,67,83.3
-38,-43,243,53,67,83.4
1,-9,251,54,67,83.5
-20,-2,226,54,67,83.6
0,12,240,54,68,83.7
-9,37,229,54,68,83.8
-15,28,235,55,68,83.9
-21,19,237,55,68,84.0
-19,5,225,55,68,84.1
-21,-21,236,55,68,84.2
-29,-30,224,55,68,84.3
-37,14,264,55,69,84.4
-34,23,227,55,69,84.5
-16,44,230,55,69,84.6
-40,-34,255,56,69,84.7
-18,0,245,56,69,84.8
-20,31,236,56,69,84.9
-18,18,251,56,69,85.0
-22,35,240,56,70,85.1
-48,-35,241,56,70,85.2
-36,-98,253,56,70,85.3
-17,63,248,57,70,85.4
4,78,199,57,70,85.5
-13,1,238,57,70,85.6
-7,30,250,57,70,85.7
-22,-43,247,57,71,85.8
-13,29,241,57,71,85.9
-29,33,248,57,71,86.0
-24,-16,237,57,71,86.1
-16,-46,262,57,71,86.2
-9,-63,237,58,71,86.3
7,35,207,58,72,86.4
-28,71,235,58,72,86.5
-20,-16,225,59,72,86.6
-28,-6,230,59,72,86.7
-3,-5,286,59,72,86.8
-27,77,241,59,73,86.9
-31,-54,229,59,73,87.0
-23,-51,223,59,73,87.1
-14,20,212,60,73,87.2
-7,73,249,60,74,87.3
-3,-25,254,60,74,87.4
-12,-12,215,60,74,87.5
-32,5,241,60,74,87.6
-18,62,239,61,74,87.7
-15,-37,238,61,74,87.8
-24,-33,241,61,74,87.9
-32,-39,224,61,75,88.0
-20,-1,260,61,75,88.1
-22,-2,244,61,75,88.2
-31,3,224,65,75,88.3
-35,53,222,65,75,88.4
-8,4,251,65,76,88.5
-38,78,240,65,76,88.6
-16,15,224,65,76,88.7
-8,-8,238,66,76,88.8
-10,-2,242,66,76,88.9
-22,-17,245,66,77,89.0
-12,-39,238,66,77,89.1
-31,-1,245,66,77,89.2
-12,56,211,67,77,89.3
21,2,238,67,78,89.4
-30,-70,247,67,78,89.5
-9,94,260,67,78,89.6
-14,10,248,68,78,89.7
-26,-23,235,68,79,89.8
-23,3,225,68,79,89.9
-17,18,238,68,79,90.0
-23,-9,268,68,79,90.1
-20,57,264,68,80,90.2
-21,59,237,68,80,90.3
-25,-49,249,68,80,90.4
-12,23,256,68,80,90.5
-7,58,253,68,80,90.6
-16,-61,265,68,80,90.7
-36,-221,282,68,80,90.8
-20,82,245,68,80,90.9
-21,0,241,68,80,91.0
-14,2,245,68,80,91.1
-18,6,242,68,80,91.2
-18,4,241,68,80,91.3
-17,5,243,68,80,91.4
-17,4,241,68,80,91.5
-18,4,240,68,80,91.6
-18,3,242,68,80,91.7
-18,4,241,68,80,91.8
-18,5,241,68,80,91.9
-18,6,242,68,80,92.0
-19,4,240,68,80,92.1
-18,4,241,68,80,92.2
-18,4,243,68,80,92.3
-18,5,241,68,80,92.4
-18,4,241,68,80,92.5
-18,4,241,68,80,92.6
-19,5,241,68,80,92.7
-18,5,241,68,80,92.8
-17,4,242,68,80,92.9
-18,5,242,68,80,93.0
-18,5,241,68,80,93.1
-18,6,241,68,80,93.2
-18,4,242,68,80,93.3
-18,3,241,68,80,93.4
-18,5,241,68,80,93.5
-18,4,241,68,80,93.6
-19,5,242,68,80,93.7
-17,4,241,68,80,93.8
-18,5,242,68,80,93.9
-18,3,242,68,80,94.0
-18,4,243,68,80,94.1
-17,4,242,68,80,94.2
-17,4,240,68,80,94.3
-18,4,241,68,80,94.4
-18,4,242,68,80,94.5
-17,4,241,68,80,94.6
-17,4,241,68,80,94.7
-19,4,241,68,80,94.8
-17,5,241,68,80,94.9
-18,3,241,68,80,95.0
-18,5,241,68,80,95.1
-17,4,241,68,80,95.2
-18,5,241,68,80,95.3
-19,5,240,68,80,95.4
-18,3,242,68,80,95.5
-18,4,242,68,80,95.6
-18,4,241,68,80,95.7
-18,4,241,68,80,95.8
-17,5,241,68,80,95.9
-19,5,232,68,80,96.0
-22,7,233,68,80,96.1
-19,15,242,68,80,96.2
-9,42,248,68,80,96.3
-7,52,246,69,80,96.4
-7,31,241,69,80,96.5
-35,35,248,69,80,96.6
7,25,219,69,81,96.7
-24,24,202,70,81,96.8
-47,5,224,70,81,96.9
-8,-21,224,71,82,97.0
-22,-36,241,71,82,97.1
-16,35,234,71,82,97.2
-23,-8,212,71,83,97.3
1,7,239,72,83,97.4
-8,-4,282,72,83,97.5
-27,12,255,72,83,97.6
0,-51,236,72,84,97.7
-19,-39,260,72,84,97.8
-15,13,279,73,84,97.9
-15,30,244,73,84,98.0
-18,10,243,73,84,98.1
-25,12,236,73,85,98.2
-22,32,231,74,85,98.3
-23,-18,246,74,85,98.4
-27,-4,242,74,86,98.5
-17,-13,220,75,86,98.6
-34,-7,265,75,86,98.7
13,29,265,75,86,98.8
-7,7,233,75,87,98.9
-29,35,209,76,87,99.0
-35,-16,322,76,88,99.1
-45,-10,174,77,88,99.2
-35,-8,270,77,88,99.3
8,-41,228,77,89,99.4
-21,-5,256,77,89,99.5
-76,63,266,78,89,99.6
25,-5,184,78,89,99.7
-37,43,324,78,90,99.8
-10,19,245,79,90,99.9
-11,-48,238,79,92,100.0
-22,-49,233,80,92,100.1
1,-64,259,80,92,100.2
-23,-9,241,80,95,100.3
-50,37,225,80,95,100.4
3,9,201,81,95,100.5
-29,42,264,81,95,100.6
-34,21,239,81,96,100.7
-35,1,235,81,96,100.8
-34,-72,240,82,96,100.9
-14,3,241,82,97,101.0
-15,39,242,82,97,101.1
-28,-17,228,82,97,101.2
-23,-17,244,82,97,101.3
-30,51,236,82,97,101.4
-12,10,201,83,97,101.5
-22,-2,240,83,97,101.6
-23,30,248,83,97,101.7
-28,1,237,83,97,101.8
-25,7,242,83,97,101.9
-23,5,242,83,97,102.0
-22,7,242,83,97,102.1
-23,6,241,83,97,102.2
-23,7,240,83,97,102.3
-22,6,240,83,97,102.4
-22,5,242,83,97,102.5
-23,7,241,83,97,102.6
-22,7,240,83,97,102.7
-21,6,241,83,97,102.8
-21,5,241,83,97,102.9
-22,6,241,83,97,103.0
-22,7,241,83,97,103.1
-22,7,241,83,97,103.2
-22,7,241,83,97,103.3
-22,7,241,83,97,103.4
-22,7,241,83,97,103.5
-22,7,241,83,97,103.6
-22,6,241,83,97,103.7
-22,7,241,83,97,103.8
-21,7,241,83,97,103.9
-22,6,241,83,97,104.0
-22,7,241,83,97,104.1
-22,6,241,83,97,104.2
-22,7,241,83,97,104.3
-22,6,242,83,97,104.4
-22,6,240,83,97,104.5
-22,7,240,83,97,104.6
-22,6,242,83,97,104.7
-22,6,242,83,97,104.8
-22,6,241,83,97,104.9
-23,4,240,83,97,105.0
-30,14,251,83,97,105.1
-25,-10,236,83,97,105.2
-22,-16,235,83,97,105.3
-26,-26,236,84,97,105.4
-32,-2,222,84,97,105.5
-33,12,230,84,97,105.6
-21,15,231,84,97,105.7
-15,8,231,84,99,105.8
-8,3,252,84,99,105.9
-31,13,212,84,99,106.0
-24,19,222,85,99,106.1
511,-457,386,85,99,106.2
-21,55,227,85,99,106.3
-29,31,243,85,99,106.4
-13,-2,236,85,99,106.5
-1,-40,216,85,99,106.6
-21,-14,244,85,99,106.7
-37,6,254,85,100,106.8
-23,-5,228,85,100,106.9
-27,8,249,86,100,107.0
-33,6,231,86,100,107.1
-13,17,240,86,100,107.2
-25,5,243,86,100,107.3
-217,29,158,86,101,107.4
-29,-54,230,86,101,107.5
-14,17,269,87,101,107.6
-29,-12,250,87,102,107.7
-25,-1,237,87,102,107.8
-32,-4,236,88,102,107.9
-22,15,222,88,102,108.0
-5,66,244,88,103,108.1
-54,-26,250,88,103,108.2
-17,-48,237,88,103,108.3
47,-81,240,88,103,108.4
-3,-43,263,88,103,108.5
-45,137,192,88,104,108.6
-30,46,231,89,104,108.7
-22,-2,236,89,104,108.8
-73,-50,242,89,105,108.9
-20,-1,277,89,105,109.0
-10,76,246,89,105,109.1
-28,6,248,89,107,109.2
-11,-3,257,89,107,109.3
-27,-24,226,89,107,109.4
-23,-36,222,89,107,109.5
-24,25,219,89,107,109.6
-13,46,246,89,108,109.7
-13,1,246,89,108,109.8
-30,-5,234,89,108,109.9
-4,5,242,89,108,110.0
-23,1,254,89,109,110.1
-17,-7,239,89,109,110.2
-33,-86,222,89,109,110.3
-33,46,260,89,110,110.4
-33,74,257,89,110,110.5
4,13,255,89,110,110.6
-17,-45,271,89,110,110.7
-13,-1,221,89,110,110.8
20,71,258,89,111,110.9
20,45,227,89,111,111.0
-18,-56,237,89,111,111.1
-13,-5,227,89,111,111.2
-11,17,221,89,111,111.3
8,22,239,89,111,111.4
-17,31,237,89,112,111.5
-11,21,235,89,112,111.6
-12,1,239,89,112,111.7
-22,30,230,89,112,111.8
-20,24,241,89,112,111.9
-27,-7,243,89,112,112.0
-31,36,249,89,112,112.1
-22,0,239,89,112,112.2
-15,6,239,89,112,112.3
-15,4,244,89,112,112.4
11,3,250,89,112,112.5
-15,6,243,89,112,112.6
-16,6,241,89,112,112.7
-16,6,240,89,112,112.8
-17,6,241,89,112,112.9
-18,8,241,89,112,113.0
-18,6,240,89,112,113.1
-16,5,242,89,112,113.2
-17,6,241,89,112,113.3
-17,6,243,89,112,113.4
-17,7,242,89,112,113.5
-17,6,242,89,112,113.6
-18,6,242,89,112,113.7
-19,7,240,89,112,113.8
-18,5,241,89,112,113.9
-18,7,241,89,112,114.0
-17,6,242,89,112,114.1
-18,7,243,89,112,114.2
-17,7,241,89,112,114.3
-18,7,242,89,112,114.4
-16,5,242,89,112,114.5
-18,6,242,89,112,114.6
-18,7,241,89,112,114.7
-18,7,242,89,112,114.8
-17,6,241,89,112,114.9
-17,6,241,89,112,115.0
-17,6,241,89,112,115.1
-17,6,243,89,112,115.2
-18,6,241,89,112,115.3
-18,7,242,89,112,115.4
-18,7,242,89,112,115.5
-18,8,243,89,112,115.6
-17,5,241,89,112,115.7
-18,6,242,89,112,115.8
-18,6,240,89,112,115.9
-17,7,241,89,112,116.0
-17,6,242,89,112,116.1
-18,6,242,89,112,116.2
-17,7,242,89,112,116.3
-17,6,241,89,112,116.4
-18,6,240,89,112,116.5
-18,6,240,89,112,116.6
-19,7,241,89,112,116.7
-17,6,242,89,112,116.8
-18,7,241,89,112,116.9
-18,6,241,89,112,117.0
-17,6,242,89,112,117.1
-17,6,242,89,112,117.2
-17,6,242,89,112,117.3
-18,6,241,89,112,117.4
-18,5,241,89,112,117.5
-17,6,241,89,112,117.6
-18,6,241,89,112,117.7
-17,5,241,89,112,117.8
-18,6,242,89,112,117.9
-17,6,241,89,112,118.0
-18,6,242,89,112,118.1
-18,6,240,89,112,118.2
-19,6,241,89,112,118.3
-18,6,242,89,112,118.4
-17,8,243,89,112,118.5
-17,6,241,89,112,118.6
-17,6,241,89,112,118.7
-18,5,241,89,112,118.8
-18,6,241,89,112,118.9
-18,7,241,89,112,119.0
-18,5,241,89,112,119.1
-17,6,242,89,112,119.2
-17,6,242,89,112,119.3
-19,7,241,89,112,119.4
-18,6,241,89,112,119.5
-18,6,242,89,112,119.6
-18,6,242,89,112,119.7
-17,5,241,89,112,119.8
-17,6,241,89,112,119.9
-18,7,242,89,112,120.0
-17,6,242,89,112,120.1
-18,6,242,89,112,120.2
-18,7,242,89,112,120.3
-17,6,242,89,112,120.4
-18,6,241,89,112,120.5
-17,6,242,89,112,120.6
-18,6,242,89,112,120.7
-18,6,241,89,112,120.8
-18,7,241,89,112,120.9
-18,6,241,89,112,121.0
-17,6,240,89,112,121.1
-17,6,241,89,112,121.2
-18,6,240,89,112,121.3
-18,7,241,89,112,121.4
-17,6,242,89,112,121.5
-18,7,242,89,112,121.6
-17,6,241,89,112,121.7
-18,6,240,89,112,121.8
-18,6,240,89,112,121.9
-16,6,241,89,112,122.0
-17,6,240,89,112,122.1
-17,7,241,89,112,122.2
-17,7,241,89,112,122.3
-18,6,241,89,112,122.4
-17,7,242,89,112,122.5
-19,7,241,89,112,122.6
-17,7,242,89,112,122.7
-18,6,241,89,112,122.8
-18,7,242,89,112,122.9
-17,7,242,89,112,123.0
-18,5,241,89,112,123.1
-18,6,242,89,112,123.2
-18,6,242,89,112,123.3
-18,6,240,89,112,123.4
-17,6,242,89,112,123.5
-17,7,241,89,112,123.6
-19,6,241,89,112,123.7
-17,6,243,89,112,123.8
-18,6,241,89,112,123.9
-17,7,242,89,112,124.0
-18,6,242,89,112,124.1
-17,5,241,89,112,124.2
-17,5,241,89,112,124.3
-18,7,242,89,112,124.4
-17,6,242,89,112,124.5
-18,7,241,89,112,124.6
-17,6,241,89,112,124.7
-18,6,241,89,112,124.8
-17,5,242,89,112,124.9
-17,6,242,89,112,125.0
-17,6,242,89,112,125.1
-17,5,242,89,112,125.2
-18,5,240,89,112,125.3
-18,7,241,89,112,125.4
-18,6,241,89,112,125.5
-18,7,241,89,112,125.6
-18,6,241,89,112,125.7
-17,6,241,89,112,125.8
-18,7,242,89,112,125.9
-17,6,241,89,112,126.0
-17,6,241,89,112,126.1
-17,6,241,89,112,126.2
-18,6,241,89,112,126.3
-18,6,240,89,112,126.4
-18,5,242,89,112,126.5
-18,5,241,89,112,126.6
-17,6,241,89,112,126.7
-18,5,241,89,112,126.8
-18,6,241,89,112,126.9
-17,7,241,89,112,127.0
-17,5,241,89,112,127.1
-18,6,241,89,112,127.2
-17,6,241,89,112,127.3
-17,6,242,89,112,127.4
-18,6,242,89,112,127.5
-18,5,242,89,112,127.6
-17,6,241,89,112,127.7
-18,6,241,89,112,127.8
-17,6,241,89,112,127.9
-17,6,243,89,112,128.0
-17,7,242,89,112,128.1
-17,6,240,89,112,128.2
-17,6,242,89,112,128.3
-18,6,241,89,112,128.4
-18,7,240,89,112,128.5
-18,7,241,89,112,128.6
-17,6,241,89,112,128.7
-18,7,242,89,112,128.8
-17,6,241,89,112,128.9
-19,3,240,89,112,129.0
-18,3,218,89,112,129.1
-25,6,240,89,112,129.2
-17,7,242,89,112,129.3
-18,6,241,89,112,129.4
-17,7,242,89,112,129.5
-19,4,249,89,112,129.6
-15,5,241,89,112,129.7
-17,7,242,89,112,129.8
-17,8,243,89,112,129.9
-19,18,243,89,112,130.0
-16,27,251,89,112,130.1
-18,31,245,89,112,130.2
-15,24,252,89,112,130.3
-13,0,249,89,112,130.4
-12,-10,249,89,112,130.5
-19,-14,235,89,113,130.6
-30,-7,229,89,113,130.7
-16,34,241,89,113,130.8
-24,37,277,90,113,130.9
13,17,258,90,113,131.0
-32,-25,246,90,113,131.1
-20,-32,243,90,113,131.2
9,12,237,90,114,131.3
-15,63,257,90,114,131.4
-11,2,230,91,114,131.5
-28,-29,259,91,114,131.6
-30,6,227,91,115,131.7
-22,23,251,91,115,131.8
-18,33,241,92,115,131.9
-42,-6,243,92,115,132.0
-23,-28,198,92,116,132.1
-15,-16,244,92,116,132.2
-19,-35,235,92,116,132.3
-12,-11,229,93,116,132.4
-20,13,242,93,116,132.5
-21,11,245,93,116,132.6
-15,36,255,93,116,132.7
-6,-39,256,93,116,132.8
-15,3,238,93,116,132.9
-13,6,261,93,116,133.0
-21,-10,238,93,117,133.1
-29,-2,244,93,117,133.2
-19,40,232,93,117,133.3
-15,14,248,93,117,133.4
-26,41,219,93,117,133.5
-36,12,238,94,117,133.6
-16,-19,262,94,117,133.7
-9,-1,249,94,117,133.8
-19,15,238,94,118,133.9
-7,12,252,94,118,134.0
-24,19,255,95,118,134.1
-30,0,257,95,118,134.2
-15,5,251,95,119,134.3
-37,12,240,95,119,134.4
-23,8,237,96,119,134.5
-7,-33,246,96,120,134.6
-52,-43,236,96,120,134.7
-1,32,233,96,120,134.8
-49,94,274,97,120,134.9
-27,-26,205,97,121,135.0
-30,6,234,98,121,135.1
-3,20,301,98,121,135.2
16,-29,330,98,122,135.3
-26,-22,179,99,122,135.4
-10,-74,226,99,123,135.5
-29,63,228,99,123,135.6
-14,-13,240,100,123,135.7
7,46,225,100,123,135.8
-37,5,231,100,124,135.9
-34,-36,250,100,124,136.0
-5,54,222,100,124,136.1
-23,-48,218,101,124,136.2
-23,-41,242,101,124,136.3
-22,50,266,101,124,136.4
-12,-83,231,101,125,136.5
-13,85,245,101,125,136.6
-34,2,240,101,125,136.7
-20,3,244,101,125,136.8
-15,-14,252,101,125,136.9
-91,76,241,101,125,137.0
52,-191,280,101,125,137.1
-41,41,240,101,125,137.2
-17,1,234,101,125,137.3
-20,15,239,101,125,137.4
-21,6,241,101,125,137.5
-20,8,239,101,125,137.6
-20,7,240,101,125,137.7
-20,7,241,101,125,137.8
-21,6,240,101,125,137.9
-21,7,241,101,125,138.0
-21,7,242,101,125,138.1
-21,7,241,101,125,138.2
-21,7,241,101,125,138.3
-21,6,243,101,125,138.4
-20,6,242,101,125,138.5
-21,7,241,101,125,138.6
-21,6,241,101,125,138.7
-22,7,241,101,125,138.8
-21,7,241,101,125,138.9
-20,6,242,101,125,139.0
-22,6,241,101,125,139.1
-22,7,241,101,125,139.2
-21,6,242,101,125,139.3
-21,7,242,101,125,139.4
-21,6,241,101,125,139.5
-21,6,241,101,125,139.6
-21,7,241,101,125,139.7
-21,6,242,101,125,139.8
-21,5,242,101,125,139.9
-21,6,242,101,125,140.0
-22,7,241,101,125,140.1
-21,7,240,101,125,140.2
-21,6,242,101,125,140.3
-20,6,241,101,125,140.4
-22,7,242,101,125,140.5
-21,7,241,101,125,140.6
-21,7,242,101,125,140.7
-20,6,242,101,125,140.8
-21,7,241,101,125,140.9
-21,6,241,101,125,141.0
-22,7,241,101,125,141.1
-22,7,241,101,125,141.2
-21,6,242,101,125,141.3
-21,9,242,101,125,141.4
-21,6,242,101,125,141.5
-22,7,242,101,125,141.6
-22,7,241,101,125,141.7
-21,5,240,101,125,141.8
-21,7,242,101,125,141.9
-21,5,241,101,125,142.0
-22,8,241,101,125,142.1
-22,6,242,101,125,142.2
-21,6,241,101,125,142.3
-21,6,241,101,125,142.4
-20,6,241,101,125,142.5
-21,7,241,101,125,142.6
-21,7,240,101,125,142.7
-21,7,241,101,125,142.8
-21,7,242,101,125,142.9
-22,7,240,101,125,143.0
-22,7,241,101,125,143.1
-21,7,241,101,125,143.2
-20,6,241,101,125,143.3
-22,8,240,101,125,143.4
-21,7,240,101,125,143.5
-21,7,241,101,125,143.6
-21,6,242,101,125,143.7
-22,7,241,101,125,143.8
-20,7,241,101,125,143.9
-21,7,241,101,125,144.0
-22,6,242,101,125,144.1
-21,7,242,101,125,144.2
-21,7,241,101,125,144.3
-22,7,242,101,125,144.4
-21,6,241,101,125,144.5
-21,8,243,101,125,144.6
-21,6,241,101,125,144.7
-22,7,240,101,125,144.8
-21,7,241,101,125,144.9
-20,6,242,101,125,145.0
-21,7,242,101,125,145.1
-21,7,242,101,125,145.2
-21,7,241,101,125,145.3
-20,7,241,101,125,145.4
-22,5,238,101,125,145.5
-21,10,244,101,125,145.6
-23,1,240,101,125,145.7
-21,0,241,101,125,145.8
-36,-13,235,101,125,145.9
-30,-3,233,101,125,146.0
-31,8,244,101,125,146.1
-26,1,238,101,125,146.2
-16,-8,227,101,125,146.3
-33,2,236,101,125,146.4
-22,6,235,101,126,146.5
-26,26,245,101,126,146.6
-33,7,214,102,126,146.7
-13,-14,231,102,126,146.8
-28,-27,242,102,126,146.9
-44,-10,223,102,126,147.0
-22,39,266,102,127,147.1
-28,36,242,102,127,147.2
-16,-27,251,103,127,147.3
-23,-22,249,103,127,147.4
-30,33,239,103,128,147.5
-23,15,226,103,128,147.6
-14,20,237,103,128,147.7
-8,-29,204,103,128,147.8
-35,55,233,103,128,147.9
-28,62,231,103,129,148.0
-37,-27,271,103,129,148.1
-22,37,220,104,129,148.2
-14,-13,240,104,129,148.3
-7,66,219,104,129,148.4
-22,2,240,104,129,148.5
-18,-58,255,104,130,148.6
-31,73,192,104,130,148.7
-23,51,248,105,130,148.8
-16,16,251,105,130,148.9
-24,7,248,105,130,149.0
-49,-24,254,105,130,149.1
-35,-5,228,105,131,149.2
-31,-36,244,105,131,149.3
-23,56,222,105,131,149.4
-19,-38,235,105,131,149.5
-32,5,236,105,132,149.6
-32,50,211,105,132,149.7
-30,17,228,105,132,149.8
-57,-46,260,105,132,149.9
-31,-34,227,105,132,150.0
-8,43,225,105,133,150.1
-26,67,236,105,133,150.2
-40,-26,232,105,133,150.3
-51,-18,227,105,133,150.4
-36,2,198,105,134,150.5
-57,6,239,105,134,150.6
-17,-37,226,105,134,150.7
-68,-30,268,105,136,150.8
-7,35,253,105,136,150.9
-9,35,248,105,136,151.0
-43,40,242,105,136,151.1
-12,4,252,105,139,151.2
-27,-44,236,105,139,151.3
-41,4,245,105,139,151.4
-27,13,241,105,139,151.5
-13,65,233,105,140,151.6
-8,4,227,105,140,151.7
-49,-28,217,105,140,151.8
-12,36,223,105,140,151.9
-51,-39,210,105,140,152.0
-22,-26,205,105,141,152.1
-22,48,229,105,141,152.2
24,98,229,105,142,152.3
-43,-22,231,105,142,152.4
-32,39,237,105,142,152.5
-22,4,247,105,142,152.6
-36,-23,243,105,142,152.7
-24,2,240,105,142,152.8
-21,-11,248,105,142,152.9
-15,7,227,105,142,153.0
-20,-23,240,105,142,153.1
-38,44,237,105,142,153.2
-29,-16,241,105,142,153.3
-20,6,236,105,142,153.4
-18,2,245,105,142,153.5
-18,7,240,105,142,153.6
-18,4,242,105,142,153.7
-19,5,241,105,142,153.8
-18,5,241,105,142,153.9
-19,4,242,105,142,154.0
-19,4,241,105,142,154.1
-20,5,241,105,142,154.2
-18,5,241,105,142,154.3
-18,4,241,105,142,154.4
-19,5,241,105,142,154.5
-19,5,240,105,142,154.6
-19,5,242,105,142,154.7
-19,4,242,105,142,154.8
-19,5,242,105,142,154.9
-19,4,242,105,142,155.0
-19,5,241,105,142,155.1
-19,6,241,105,142,155.2
-19,5,241,105,142,155.3
-19,5,242,105,142,155.4
-18,4,241,105,142,155.5
-19,5,241,105,142,155.6
-19,4,241,105,142,155.7
-19,4,242,105,142,155.8
-18,6,241,105,142,155.9
-19,4,241,105,142,156.0
-19,5,241,105,142,156.1
-19,5,241,105,142,156.2
-19,4,241,105,142,156.3
-20,5,242,105,142,156.4
-18,5,241,105,142,156.5
-18,5,242,105,142,156.6
-18,5,241,105,142,156.7
-19,5,241,105,142,156.8
-19,5,242,105,142,156.9
-19,5,242,105,142,157.0
-19,6,241,105,142,157.1
-18,4,241,105,142,157.2
-18,5,242,105,142,157.3
-18,5,242,105,142,157.4
-19,6,241,105,142,157.5
-18,5,241,105,142,157.6
-18,4,242,105,142,157.7
-19,5,242,105,142,157.8
-20,5,242,105,142,157.9
-19,5,242,105,142,158.0
-18,5,242,105,142,158.1
-19,4,242,105,142,158.2
-19,5,242,105,142,158.3
-18,5,242,105,142,158.4
-19,5,242,105,142,158.5
-18,5,241,105,142,158.6
-19,4,240,105,142,158.7
-18,5,242,105,142,158.8
-19,5,242,105,142,158.9
-19,6,241,105,142,159.0
-18,4,241,105,142,159.1
-18,4,241,105,142,159.2
-19,5,242,105,142,159.3
-18,4,241,105,142,159.4
-20,5,241,105,142,159.5
-18,5,241,105,142,159.6
-19,5,241,105,142,159.7
-19,4,241,105,142,159.8
-19,5,241,105,142,159.9
-20,4,241,105,142,160.0
-19,4,240,105,142,160.1
-18,6,241,105,142,160.2
-20,6,241,105,142,160.3
-19,4,241,105,142,160.4
-20,5,240,105,142,160.5
-19,5,241,105,142,160.6
-18,4,242,105,142,160.7
-19,4,241,105,142,160.8
-18,5,242,105,142,160.9
-19,4,241,105,142,161.0
-19,5,240,105,142,161.1
-19,4,242,105,142,161.2
-19,5,242,105,142,161.3
-19,6,241,105,142,161.4
-19,5,242,105,142,161.5
-18,4,241,105,142,161.6
-20,5,242,105,142,161.7
-18,4,241,105,142,161.8
-18,4,241,105,142,161.9
-19,5,242,105,142,162.0
-19,5,241,105,142,162.1
-19,4,241,105,142,162.2
-18,4,242,105,142,162.3
-19,5,242,105,142,162.4
-19,4,241,105,142,162.5
-19,4,242,105,142,162.6
-19,5,242,105,142,162.7
-19,4,242,105,142,162.8
-19,5,241,105,142,162.9
-20,5,242,105,142,163.0
-19,4,241,105,142,163.1
-19,4,242,105,142,163.2
-19,5,241,105,142,163.3
-19,4,241,105,142,163.4
-18,4,241,105,142,163.5
-19,5,241,105,142,163.6
-18,5,241,105,142,163.7
-19,5,241,105,142,163.8
-18,4,241,105,142,163.9
-19,5,240,105,142,164.0
-19,5,241,105,142,164.1
-19,6,242,105,142,164.2
-18,5,241,105,142,164.3
-19,4,241,105,142,164.4
-19,6,242,105,142,164.5
-19,4,242,105,142,164.6
-18,4,241,105,142,164.7
-19,5,241,105,142,164.8
-18,4,241,105,142,164.9
-19,5,241,105,142,165.0
-20,4,242,105,142,165.1
-19,4,242,105,142,165.2
-19,4,241,105,142,165.3
-18,5,241,105,142,165.4
-18,6,242,105,142,165.5
-20,4,242,105,142,165.6
-18,5,241,105,142,165.7
-19,4,242,105,142,165.8
-18,4,240,105,142,165.9
-19,5,242,105,142,166.0
-19,4,242,105,142,166.1
-18,5,242,105,142,166.2
-18,3,240,105,142,166.3
-18,5,241,105,142,166.4
-19,3,241,105,142,166.5
-19,5,242,105,142,166.6
-19,5,241,105,142,166.7
-19,4,240,105,142,166.8
-18,4,241,105,142,166.9
-18,4,241,105,142,167.0
-18,5,242,105,142,167.1
-19,4,242,105,142,167.2
-20,5,241,105,142,167.3
-19,5,240,105,142,167.4
-19,4,242,105,142,167.5
-19,6,241,105,142,167.6
-19,4,242,105,142,167.7
-19,6,241,105,142,167.8
-19,6,242,105,142,167.9
-19,4,242,105,142,168.0
-18,4,243,105,142,168.1
-19,4,241,105,142,168.2
-19,5,242,105,142,168.3
-19,5,241,105,142,168.4
-19,4,242,105,142,168.5
-19,4,240,105,142,168.6
-18,5,241,105,142,168.7
-19,3,242,105,142,168.8
-19,5,240,105,142,168.9
-19,5,241,105,142,169.0
-19,5,241,105,142,169.1
-19,6,242,105,142,169.2
-19,4,241,105,142,169.3
-19,5,241,105,142,169.4
-18,5,241,105,142,169.5
-18,5,241,105,142,169.6
-19,5,242,105,142,169.7
-19,4,242,105,142,169.8
-18,5,241,105,142,169.9
-18,4,241,105,142,170.0
-19,4,242,105,142,170.1
-19,6,242,105,142,170.2
-19,3,241,105,142,170.3
-18,4,241,105,142,170.4
-18,4,241,105,142,170.5
-18,4,240,105,142,170.6
-19,4,240,105,142,170.7
-18,4,241,105,142,170.8
-20,6,241,105,142,170.9
-20,6,240,105,142,171.0
-18,4,242,105,142,171.1
-18,4,242,105,142,171.2
-19,5,242,105,142,171.3
-18,5,242,105,142,171.4
-19,6,242,105,142,171.5
-18,4,242,105,142,171.6
-17,4,242,105,142,171.7
-19,5,241,105,142,171.8
-18,4,241,105,142,171.9
-19,4,243,105,142,172.0
-19,4,242,105,142,172.1
-19,4,241,105,142,172.2
-19,5,243,105,142,172.3
-18,4,241,105,142,172.4
-20,6,242,105,142,172.5
-19,5,242,105,142,172.6
-19,5,242,105,142,172.7
-19,4,241,105,142,172.8
-19,5,242,105,142,172.9
-19,4,242,105,142,173.0
-20,5,241,105,142,173.1
-19,5,241,105,142,173.2
-19,4,241,105,142,173.3
-19,5,242,105,142,173.4
-19,4,242,105,142,173.5
-19,4,242,105,142,173.6
-19,4,241,105,142,173.7
-19,5,242,105,142,173.8
-18,5,242,105,142,173.9
-19,4,241,105,142,174.0
-19,4,242,105,142,174.1
-18,5,241,105,142,174.2
-18,4,242,105,142,174.3
-18,5,241,105,142,174.4
-19,5,241,105,142,174.5
-19,5,241,105,142,174.6
-18,5,240,105,142,174.7
-18,4,241,105,142,174.8
-18,5,241,105,142,174.9
-19,5,240,105,142,175.0
-19,5,241,105,142,175.1
-20,5,242,105,142,175.2
-19,4,242,105,142,175.3
-19,5,242,105,142,175.4
-18,5,242,105,142,175.5
-20,5,241,105,142,175.6
-18,5,242,105,142,175.7
-20,5,241,105,142,175.8
-19,5,242,105,142,175.9
-19,4,241,105,142,176.0
-19,5,242,105,142,176.1
-18,4,241,105,142,176.2
-25,7,241,105,142,176.3
-7,30,239,105,142,176.4
-22,19,243,105,142,176.5
-20,37,237,105,142,176.6
-17,30,234,105,142,176.7
-15,24,234,106,142,176.8
-27,26,232,106,142,176.9
-1,-11,209,106,142,177.0
-2,-42,251,106,143,177.1
-44,20,246,107,143,177.2
-16,50,242,107,143,177.3
-13,31,239,107,143,177.4
-25,-1,283,107,144,177.5
-31,-35,246,108,144,177.6
-23,11,223,108,144,177.7
-1,-5,232,108,144,177.8
-18,-52,237,108,144,177.9
-30,-30,259,108,145,178.0
-19,25,245,108,145,178.1
-86,-41,217,109,145,178.2
-18,-49,239,109,145,178.3
-26,16,232,109,146,178.4
-9,41,240,109,146,178.5
-47,-13,263,109,146,178.6
-18,-70,224,109,146,178.7
-11,33,256,109,146,178.8
-26,49,244,109,146,178.9
-6,60,206,109,147,179.0
-22,19,257,109,147,179.1
-31,-44,239,110,147,179.2
-40,-82,209,110,147,179.3
19,37,238,110,147,179.4
-39,-3,234,110,147,179.5
-16,1,240,110,147,179.6
-23,-10,233,110,147,179.7
-42,16,245,110,147,179.8
-2,-21,238,110,147,179.9
-45,30,245,110,147,180.0
-16,54,273,110,147,180.1
-5,13,267,110,147,180.2
-20,-2,237,110,148,180.3
-17,-20,253,110,148,180.4
-35,0,235,110,148,180.5
-19,-17,253,111,148,180.6
-32,-10,228,111,148,180.7
-6,-10,237,111,148,180.8
-38,46,245,111,148,180.9
-8,37,245,111,148,181.0
-21,124,238,111,149,181.1
-41,-30,254,111,149,181.2
-34,-93,204,112,149,181.3
11,110,239,112,149,181.4
-59,120,258,112,150,181.5
-73,-28,263,113,150,181.6
-48,-80,228,113,150,181.7
-31,76,253,113,151,181.8
-17,-116,253,114,151,181.9
-23,-19,249,114,151,182.0
-28,49,234,114,151,182.1
-1,76,236,114,152,182.2
-32,87,223,114,152,182.3
-26,-18,315,115,153,182.4
2,-2,217,115,153,182.5
4,-11,248,117,154,182.6
-70,-77,215,117,154,182.7
-29,-42,254,117,154,182.8
32,-9,235,118,154,182.9
-17,2,249,118,154,183.0
-28,127,261,118,155,183.1
-8,12,289,118,155,183.2
-31,-36,212,119,155,183.3
26,6,279,119,156,183.4
-11,-17,204,120,156,183.5
47,-95,266,120,157,183.6
17,-15,224,120,157,183.7
-7,96,243,120,157,183.8
-50,53,232,120,157,183.9
14,-14,255,120,157,184.0
-19,15,325,124,157,184.1
-32,-1,239,124,158,184.2
-10,-9,239,124,158,184.3
-20,-9,239,124,158,184.4
-17,33,242,124,158,184.5
-7,10,242,124,158,184.6
275,-512,128,125,158,184.7
-26,17,248,125,158,184.8
-18,3,243,125,158,184.9
14,1,209,125,158,185.0
-14,13,239,125,158,185.1
-18,3,241,125,158,185.2
-17,5,241,125,158,185.3
-18,6,242,125,158,185.4
-17,5,243,125,158,185.5
-18,6,242,125,158,185.6
-17,6,241,125,158,185.7
-18,6,241,125,158,185.8
-18,5,241,125,158,185.9
-18,6,242,125,158,186.0
-18,5,240,125,158,186.1
-17,6,241,125,158,186.2
-17,6,241,125,158,186.3
-18,6,242,125,158,186.4
-17,5,241,125,158,186.5
-18,5,241,125,158,186.6
-17,6,242,125,158,186.7
-18,6,240,125,158,186.8
-17,5,241,125,158,186.9
-18,5,241,125,158,187.0
-18,5,242,125,158,187.1
-17,6,241,125,158,187.2
-17,5,241,125,158,187.3
-18,6,241,125,158,187.4
-17,6,242,125,158,187.5
-17,5,241,125,158,187.6
-17,5,241,125,158,187.7
-17,5,242,125,158,187.8
-17,4,241,125,158,187.9
-17,6,241,125,158,188.0
-17,6,242,125,158,188.1
-17,6,240,125,158,188.2
-17,6,242,125,158,188.3
-17,6,241,125,158,188.4
-17,6,242,125,158,188.5
-18,5,241,125,158,188.6
-17,5,241,125,158,188.7
-17,6,241,125,158,188.8
-17,6,241,125,158,188.9
-17,5,242,125,158,189.0
-17,5,241,125,158,189.1
-17,5,241,125,158,189.2
-17,5,241,125,158,189.3
-16,5,242,125,158,189.4
-18,6,241,125,158,189.5
-16,4,242,125,158,189.6
-18,5,241,125,158,189.7
-17,5,241,125,158,189.8
-18,6,242,125,158,189.9
-17,6,242,125,158,190.0
-16,7,240,125,158,190.1
-17,5,241,125,158,190.2
-16,5,241,125,158,190.3
-17,7,241,125,158,190.4
-17,5,242,125,158,190.5
-17,5,241,125,158,190.6
-17,5,241,125,158,190.7
-17,6,241,125,158,190.8
-17,6,241,125,158,190.9
-16,5,241,125,158,191.0
-16,6,242,125,158,191.1
-17,5,240,125,158,191.2
-18,6,242,125,158,191.3
-17,5,242,125,158,191.4
-17,5,240,125,158,191.5
-16,4,241,125,158,191.6
-17,5,242,125,158,191.7
-17,5,242,125,158,191.8
-17,5,241,125,158,191.9
-16,6,242,125,158,192.0
-17,6,241,125,158,192.1
-18,6,240,125,158,192.2
-17,5,242,125,158,192.3
-17,5,240,125,158,192.4
-13,1,228,125,158,192.5
0,-2,264,125,158,192.6
-18,-59,239,125,158,192.7
-24,-41,237,126,158,192.8
-7,-20,264,126,158,192.9
-15,-27,244,126,160,193.0
29,-39,170,127,160,193.1
-7,-6,251,127,160,193.2
-10,35,173,128,161,193.3
-23,57,191,128,161,193.4
-1,48,205,128,162,193.5
-6,86,248,129,162,193.6
11,12,276,129,162,193.7
-62,-67,236,129,162,193.8
-13,29,279,129,162,193.9
9,2,236,129,163,194.0
-4,19,216,130,163,194.1
-12,30,240,130,163,194.2
-16,22,237,130,163,194.3
-24,-1,231,130,163,194.4
-42,-74,235,130,163,194.5
-42,7,223,130,164,194.6
-8,13,189,131,164,194.7
12,-10,203,131,164,194.8
-11,16,230,131,164,194.9
43,29,242,131,165,195.0
-60,32,248,132,165,195.1
5,-37,216,132,165,195.2
-13,-27,219,132,166,195.3
-15,24,264,133,166,195.4
4,24,232,133,166,195.5
-30,22,254,133,167,195.6
6,12,213,133,167,195.7
-4,-18,221,134,167,195.8
-13,7,209,134,167,195.9
-62,46,232,134,170,196.0
-28,-12,258,134,170,196.1
-6,-64,238,135,170,196.2
-33,-5,182,135,170,196.3
-19,-23,233,135,172,196.4
-32,2,256,136,172,196.5
-38,15,242,136,172,196.6
-53,-15,209,136,174,196.7
-22,72,320,137,174,196.8
-34,-41,237,137,175,196.9
-12,5,200,137,175,197.0
-28,12,213,138,175,197.1
-3,-17,236,138,175,197.2
-37,-15,238,138,177,197.3
2,-12,218,139,177,197.4
0,136,256,139,178,197.5
-41,-4,263,139,178,197.6
5,25,204,140,178,197.7
-33,-36,243,140,178,197.8
-41,12,260,140,178,197.9
-37,20,262,140,179,198.0
-43,-9,244,140,179,198.1
-7,1,241,140,179,198.2
-26,3,266,141,179,198.3
-17,-2,222,141,179,198.4
-10,-18,227,141,181,198.5
-12,21,240,141,181,198.6
-44,-62,226,141,181,198.7
-11,55,260,141,181,198.8
-44,-1,238,141,181,198.9
-15,0,242,141,181,199.0
-18,3,242,141,181,199.1
-23,1,240,141,181,199.2
-17,10,240,141,181,199.3
-19,8,241,141,181,199.4
-19,4,240,141,181,199.5
-19,4,241,141,181,199.6
-19,5,242,141,181,199.7
-18,3,241,141,181,199.8
-19,4,242,141,181,199.9
-19,3,242,141,181,200.0
-20,4,242,141,181,200.1
-19,4,241,141,181,200.2
-20,4,240,141,181,200.3
-19,4,241,141,181,200.4
-19,4,242,141,181,200.5
-19,4,242,141,181,200.6
-18,5,240,141,181,200.7
-19,4,241,141,181,200.8
-19,5,240,141,181,200.9
-19,5,241,141,181,201.0
-20,5,241,141,181,201.1
-18,3,241,141,181,201.2
-19,3,241,141,181,201.3
-20,4,241,141,181,201.4
-20,6,241,141,181,201.5
-19,4,240,141,181,201.6
-20,4,242,141,181,201.7
-18,4,242,141,181,201.8
-19,4,241,141,181,201.9
-19,4,241,141,181,202.0
-18,5,242,141,181,202.1
-19,4,241,141,181,202.2
-19,4,242,141,181,202.3
-19,4,241,141,181,202.4
-19,4,241,141,181,202.5
-19,4,242,141,181,202.6
-19,4,241,141,181,202.7
-19,5,242,141,181,202.8
-19,4,240,141,181,202.9
-19,5,241,141,181,203.0
-20,4,240,141,181,203.1
-19,5,242,141,181,203.2
-19,5,241,141,181,203.3
-18,4,241,141,181,203.4
-19,4,242,141,181,203.5
-19,4,241,141,181,203.6
-19,5,242,141,181,203.7
-20,4,243,141,181,203.8
-19,4,241,141,181,203.9
-19,5,240,141,181,204.0
-18,3,240,141,181,204.1
-19,4,241,141,181,204.2
-19,4,242,141,181,204.3
-20,4,242,141,181,204.4
-20,4,242,141,181,204.5
-20,4,241,141,181,204.6
-18,4,241,141,181,204.7
-19,5,241,141,181,204.8
-19,4,241,141,181,204.9
-20,4,241,141,181,205.0
-19,4,241,141,181,205.1
-19,3,241,141,181,205.2
-20,5,242,141,181,205.3
-19,5,241,141,181,205.4
-19,3,241,141,181,205.5
-19,5,241,141,181,205.6
-19,5,241,141,181,205.7
-19,4,242,141,181,205.8
-19,4,242,141,181,205.9
-19,4,241,141,181,206.0
-18,5,240,141,181,206.1
-19,4,242,141,181,206.2
-19,4,240,141,181,206.3
-19,5,241,141,181,206.4
-20,4,241,141,181,206.5
-18,3,241,141,181,206.6
-19,4,241,141,181,206.7
-18,4,241,141,181,206.8
-18,4,242,141,181,206.9
-18,3,240,141,181,207.0
-20,5,241,141,181,207.1
-18,5,241,141,181,207.2
-18,4,242,141,181,207.3
-20,5,243,141,181,207.4
-19,5,241,141,181,207.5
-20,5,241,141,181,207.6
-18,3,241,141,181,207.7
-19,5,241,141,181,207.8
-19,4,242,141,181,207.9
-20,5,242,141,181,208.0
-19,4,241,141,181,208.1
-19,4,240,141,181,208.2
-19,4,241,141,181,208.3
-19,4,242,141,181,208.4
-19,4,242,141,181,208.5
-19,4,242,141,181,208.6
-18,5,241,141,181,208.7
-19,4,241,141,181,208.8
-18,3,242,141,181,208.9
-19,4,241,141,181,209.0
-19,4,241,141,181,209.1
-20,5,240,141,181,209.2
-18,4,240,141,181,209.3
-18,5,240,141,181,209.4
-18,3,242,141,181,209.5
-21,4,241,141,181,209.6
-19,5,241,141,181,209.7
-18,4,242,141,181,209.8
-19,6,241,141,181,209.9
-19,4,241,141,181,210.0
-19,5,242,141,181,210.1
-19,4,240,141,181,210.2
-19,5,242,141,181,210.3
-19,5,242,141,181,210.4
-20,4,240,141,181,210.5
-19,4,240,141,181,210.6
-19,4,241,141,181,210.7
-20,5,241,141,181,210.8
-19,4,243,141,181,210.9
-20,4,241,141,181,211.0
-18,4,240,141,181,211.1
-19,5,242,141,181,211.2
-18,5,242,141,181,211.3
-19,4,241,141,181,211.4
-19,4,241,141,181,211.5
-18,4,241,141,181,211.6
-19,4,241,141,181,211.7
-18,4,240,141,181,211.8
-19,5,240,141,181,211.9
-19,4,241,141,181,212.0
-19,5,241,141,181,212.1
-20,5,241,141,181,212.2
-19,5,241,141,181,212.3
-19,5,240,141,181,212.4
-19,4,242,141,181,212.5
-19,4,243,141,181,212.6
-20,5,242,141,181,212.7
-20,4,242,141,181,212.8
-19,4,242,141,181,212.9
-20,4,241,141,181,213.0
-18,4,241,141,181,213.1
-19,4,241,141,181,213.2
-19,5,242,141,181,213.3
-20,5,242,141,181,213.4
-18,4,241,141,181,213.5
-18,4,241,141,181,213.6
-20,5,242,141,181,213.7
-19,5,242,141,181,213.8
-18,4,242,141,181,213.9
-19,4,241,141,181,214.0
-19,4,242,141,181,214.1
-19,4,242,141,181,214.2
-20,5,242,141,181,214.3
-19,4,241,141,181,214.4
-19,3,242,141,181,214.5
-20,4,241,141,181,214.6
-19,4,242,141,181,214.7
-19,3,240,141,181,214.8
-20,5,241,141,181,214.9
-18,4,241,141,181,215.0
-19,5,241,141,181,215.1
-20,4,241,141,181,215.2
-20,5,241,141,181,215.3
-19,2,242,141,181,215.4
-19,4,241,141,181,215.5
-20,5,242,141,181,215.6
-19,4,241,141,181,215.7
-19,4,241,141,181,215.8
-20,4,241,141,181,215.9
-19,4,241,141,181,216.0
-19,4,241,141,181,216.1
-19,5,242,141,181,216.2
-18,4,241,141,181,216.3
-19,5,242,141,181,216.4
-19,4,244,141,181,216.5
-19,4,241,141,181,216.6
-19,5,241,141,181,216.7
-18,4,241,141,181,216.8
-18,4,241,141,181,216.9
-18,4,241,141,181,217.0
-19,5,241,141,181,217.1
-21,5,241,141,181,217.2
-19,4,241,141,181,217.3
-19,4,242,141,181,217.4
-19,4,242,141,181,217.5
-19,5,240,141,181,217.6
-20,4,241,141,181,217.7
-18,4,241,141,181,217.8
-19,4,241,141,181,217.9
-20,3,241,141,181,218.0
-19,3,242,141,181,218.1
-19,4,242,141,181,218.2
-19,4,240,141,181,218.3
-19,5,241,141,181,218.4
-19,4,242,141,181,218.5
-19,4,242,141,181,218.6
-19,5,241,141,181,218.7
-19,4,242,141,181,218.8
-18,5,240,141,181,218.9
-19,4,241,141,181,219.0
-19,4,241,141,181,219.1
-20,5,241,141,181,219.2
-19,4,241,141,181,219.3
-20,4,241,141,181,219.4
-18,4,240,141,181,219.5
-20,4,241,141,181,219.6
-18,3,241,141,181,219.7
-19,4,242,141,181,219.8
-19,4,242,141,181,219.9
-19,4,241,141,181,220.0
-19,4,240,141,181,220.1
-20,5,241,141,181,220.2
-20,4,241,141,181,220.3
-18,4,240,141,181,220.4
-20,4,241,141,181,220.5
-18,3,239,141,181,220.6
-18,4,242,141,181,220.7
-19,5,240,141,181,220.8
-19,4,241,141,181,220.9
-19,4,241,141,181,221.0
-19,4,242,141,181,221.1
-18,4,241,141,181,221.2
-19,5,242,141,181,221.3
-19,3,241,141,181,221.4
-19,5,240,141,181,221.5
-20,4,242,141,181,221.6
-20,6,241,141,181,221.7
-20,4,241,141,181,221.8
-18,5,241,141,181,221.9
-19,5,242,141,181,222.0
-18,4,241,141,181,222.1
-19,5,241,141,181,222.2
-19,4,242,141,181,222.3
-19,4,241,141,181,222.4
-19,4,242,141,181,222.5
-19,4,241,141,181,222.6
-19,5,241,141,181,222.7
-20,5,241,141,181,222.8
-19,4,242,141,181,222.9
-19,5,242,141,181,223.0
-19,4,239,141,181,223.1
-19,4,242,141,181,223.2
-19,5,241,141,181,223.3
-19,4,241,141,181,223.4
-19,5,241,141,181,223.5
-19,4,241,141,181,223.6
-19,4,242,141,181,223.7
-19,4,241,141,181,223.8
-19,5,241,141,181,223.9
-19,4,241,141,181,224.0
-20,4,241,141,181,224.1
-20,4,241,141,181,224.2
-20,4,242,141,181,224.3
-19,3,241,141,181,224.4
-19,3,241,141,181,224.5
-19,3,241,141,181,224.6
-19,4,242,141,181,224.7
-19,4,240,141,181,224.8
-19,5,242,141,181,224.9
-18,4,241,141,181,225.0
-20,5,242,141,181,225.1
-19,4,242,141,181,225.2
-19,4,242,141,181,225.3
-20,4,241,141,181,225.4
-19,4,242,141,181,225.5
-20,5,241,141,181,225.6
-20,4,241,141,181,225.7
-20,5,241,141,181,225.8
-18,4,242,141,181,225.9
-19,5,243,141,181,226.0
-20,4,242,141,181,226.1
-20,4,242,141,181,226.2
-19,4,241,141,181,226.3
-19,4,241,141,181,226.4
-19,4,240,141,181,226.5
-19,4,241,141,181,226.6
-19,4,242,141,181,226.7
-20,4,241,141,181,226.8
-19,4,241,141,181,226.9
-19,3,241,141,181,227.0
-20,5,242,141,181,227.1
-19,4,242,141,181,227.2
-19,3,241,141,181,227.3
-20,4,242,141,181,227.4
-19,5,242,141,181,227.5
-19,5,242,141,181,227.6
-19,5,241,141,181,227.7
-18,5,241,141,181,227.8
-19,4,241,141,181,227.9
-20,5,241,141,181,228.0
-19,4,241,141,181,228.1
-19,5,241,141,181,228.2
-18,4,241,141,181,228.3
-19,4,242,141,181,228.4
-19,4,240,141,181,228.5
-19,5,241,141,181,228.6
-19,4,241,141,181,228.7
-19,4,240,141,181,228.8
-19,5,241,141,181,228.9
-20,5,241,141,181,229.0
-19,4,242,141,181,229.1
-19,4,241,141,181,229.2
-20,4,241,141,181,229.3
-18,4,241,141,181,229.4
-18,4,241,141,181,229.5
-19,4,242,141,181,229.6
-19,4,240,141,181,229.7
-20,5,242,141,181,229.8
-19,4,241,141,181,229.9
-20,4,242,141,181,230.0
-19,3,240,141,181,230.1
-18,4,241,141,181,230.2
-19,4,241,141,181,230.3
-20,5,242,141,181,230.4
-19,5,241,141,181,230.5
-19,5,241,141,181,230.6
-19,5,242,141,181,230.7
-20,3,241,141,181,230.8
-20,5,242,141,181,230.9
-18,4,242,141,181,231.0
-20,5,242,141,181,231.1
-19,4,241,141,181,231.2
-19,4,242,141,181,231.3
-19,3,241,141,181,231.4
-18,5,241,141,181,231.5
-20,5,240,141,181,231.6
-20,4,240,141,181,231.7
-20,5,240,141,181,231.8
-19,4,242,141,181,231.9
-19,4,241,141,181,232.0
-19,4,242,141,181,232.1
-19,4,241,141,181,232.2
-18,4,242,141,181,232.3
-21,4,241,141,181,232.4
-19,4,241,141,181,232.5
-20,5,241,141,181,232.6
-18,3,242,141,181,232.7
-18,5,241,141,181,232.8
-20,4,241,141,181,232.9
-19,5,241,141,181,233.0
-20,3,242,141,181,233.1
-19,5,241,141,181,233.2
-19,4,242,141,181,233.3
-19,4,240,141,181,233.4
-19,4,242,141,181,233.5
-20,4,242,141,181,233.6
-19,4,241,141,181,233.7
-19,4,242,141,181,233.8
-20,4,241,141,181,233.9
-19,4,241,141,181,234.0
-20,4,242,141,181,234.1
-20,4,241,141,181,234.2
-19,5,241,141,181,234.3
-19,4,241,141,181,234.4
-20,4,242,141,181,234.5
-19,4,241,141,181,234.6
-19,5,240,141,181,234.7
-18,4,242,141,181,234.8
-19,4,241,141,181,234.9
-19,4,242,141,181,235.0
-19,4,241,141,181,235.1
-19,4,242,141,181,235.2
-20,5,241,141,181,235.3
-19,6,241,141,181,235.4
-19,4,241,141,181,235.5
-19,5,240,141,181,235.6
-19,4,242,141,181,235.7
-19,5,242,141,181,235.8
-19,4,241,141,181,235.9
-20,4,242,141,181,236.0
-19,3,242,141,181,236.1
-20,4,242,141,181,236.2
-20,5,242,141,181,236.3
-20,5,241,141,181,236.4
-19,4,241,141,181,236.5
-20,5,241,141,181,236.6
-20,5,240,141,181,236.7
-20,4,241,141,181,236.8
-20,4,241,141,181,236.9
-19,4,242,141,181,237.0
-20,5,242,141,181,237.1
-19,5,240,141,181,237.2
-19,3,240,141,181,237.3
-19,5,242,141,181,237.4
-20,5,240,141,181,237.5
-20,5,241,141,181,237.6
-20,4,241,141,181,237.7
-18,3,242,141,181,237.8
-19,4,240,141,181,237.9
-19,4,241,141,181,238.0
3:57
